-- MySQL dump 10.13  Distrib 8.0.18, for Win64 (x86_64)
--
-- Host: 127.0.0.1    Database: team13
-- ------------------------------------------------------
-- Server version	8.0.18

/*!40101 SET @OLD_CHARACTER_SET_CLIENT=@@CHARACTER_SET_CLIENT */;
/*!40101 SET @OLD_CHARACTER_SET_RESULTS=@@CHARACTER_SET_RESULTS */;
/*!40101 SET @OLD_COLLATION_CONNECTION=@@COLLATION_CONNECTION */;
/*!50503 SET NAMES utf8 */;
/*!40103 SET @OLD_TIME_ZONE=@@TIME_ZONE */;
/*!40103 SET TIME_ZONE='+00:00' */;
/*!40014 SET @OLD_UNIQUE_CHECKS=@@UNIQUE_CHECKS, UNIQUE_CHECKS=0 */;
/*!40014 SET @OLD_FOREIGN_KEY_CHECKS=@@FOREIGN_KEY_CHECKS, FOREIGN_KEY_CHECKS=0 */;
/*!40101 SET @OLD_SQL_MODE=@@SQL_MODE, SQL_MODE='NO_AUTO_VALUE_ON_ZERO' */;
/*!40111 SET @OLD_SQL_NOTES=@@SQL_NOTES, SQL_NOTES=0 */;

--
-- Table structure for table `admin`
--

DROP TABLE IF EXISTS `admin`;
/*!40101 SET @saved_cs_client     = @@character_set_client */;
/*!50503 SET character_set_client = utf8mb4 */;
CREATE TABLE `admin` (
  `username` varchar(50) NOT NULL,
  PRIMARY KEY (`username`),
  CONSTRAINT `admin_ibfk_1` FOREIGN KEY (`username`) REFERENCES `employee` (`username`)
) ENGINE=InnoDB DEFAULT CHARSET=utf8mb4 COLLATE=utf8mb4_0900_ai_ci;
/*!40101 SET character_set_client = @saved_cs_client */;

--
-- Dumping data for table `admin`
--

LOCK TABLES `admin` WRITE;
/*!40000 ALTER TABLE `admin` DISABLE KEYS */;
/*!40000 ALTER TABLE `admin` ENABLE KEYS */;
UNLOCK TABLES;

--
-- Table structure for table `company`
--

DROP TABLE IF EXISTS `company`;
/*!40101 SET @saved_cs_client     = @@character_set_client */;
/*!50503 SET character_set_client = utf8mb4 */;
CREATE TABLE `company` (
  `comName` varchar(50) NOT NULL,
  PRIMARY KEY (`comName`),
  UNIQUE KEY `comName` (`comName`)
) ENGINE=InnoDB DEFAULT CHARSET=utf8mb4 COLLATE=utf8mb4_0900_ai_ci;
/*!40101 SET character_set_client = @saved_cs_client */;

--
-- Dumping data for table `company`
--

LOCK TABLES `company` WRITE;
/*!40000 ALTER TABLE `company` DISABLE KEYS */;
INSERT INTO `company` VALUES ('4400 Theater Company'),('AI Theater Company'),('Awesome Theater Company'),('EZ Theater Company');
/*!40000 ALTER TABLE `company` ENABLE KEYS */;
UNLOCK TABLES;

--
-- Table structure for table `customer`
--

DROP TABLE IF EXISTS `customer`;
/*!40101 SET @saved_cs_client     = @@character_set_client */;
/*!50503 SET character_set_client = utf8mb4 */;
CREATE TABLE `customer` (
  `username` varchar(50) NOT NULL,
  PRIMARY KEY (`username`),
  CONSTRAINT `customer_ibfk_1` FOREIGN KEY (`username`) REFERENCES `user` (`username`)
) ENGINE=InnoDB DEFAULT CHARSET=utf8mb4 COLLATE=utf8mb4_0900_ai_ci;
/*!40101 SET character_set_client = @saved_cs_client */;

--
-- Dumping data for table `customer`
--

LOCK TABLES `customer` WRITE;
/*!40000 ALTER TABLE `customer` DISABLE KEYS */;
INSERT INTO `customer` VALUES ('calcultron2'),('calcwizard'),('clarinetbeast'),('DNAhelix'),('does2Much'),('eeqmcsquare'),('fullMetal'),('ilikemoney$$'),('imready'),('isthisthekrustykrab'),('notFullMetal'),('programerAAL'),('RitzLover28'),('thePiGuy3.14'),('theScienceGuy');
/*!40000 ALTER TABLE `customer` ENABLE KEYS */;
UNLOCK TABLES;

--
-- Table structure for table `customercreditcard`
--

DROP TABLE IF EXISTS `customercreditcard`;
/*!40101 SET @saved_cs_client     = @@character_set_client */;
/*!50503 SET character_set_client = utf8mb4 */;
CREATE TABLE `customercreditcard` (
  `username` varchar(50) DEFAULT NULL,
  `creditCardNum` char(16) NOT NULL,
  PRIMARY KEY (`creditCardNum`),
  UNIQUE KEY `creditCardNum` (`creditCardNum`),
  KEY `username` (`username`),
  CONSTRAINT `customercreditcard_ibfk_1` FOREIGN KEY (`username`) REFERENCES `user` (`username`)
) ENGINE=InnoDB DEFAULT CHARSET=utf8mb4 COLLATE=utf8mb4_0900_ai_ci;
/*!40101 SET character_set_client = @saved_cs_client */;

--
-- Dumping data for table `customercreditcard`
--

LOCK TABLES `customercreditcard` WRITE;
/*!40000 ALTER TABLE `customercreditcard` DISABLE KEYS */;
INSERT INTO `customercreditcard` VALUES ('calcultron','1111111111000000'),('calcultron2','1111111100000000'),('calcultron2','1111111110000000'),('calcwizard','1111111111100000'),('cool_class4400','2222222222000000'),('DNAhelix','2220000000000000'),('does2Much','2222222200000000'),('eeqmcsquare','2222222222222200'),('entropyRox','2222222222200000'),('entropyRox','2222222222220000'),('fullMetal','1100000000000000'),('georgep','1111111111110000'),('georgep','1111111111111000'),('georgep','1111111111111100'),('georgep','1111111111111110'),('georgep','1111111111111111'),('ilikemoney$$','2222222222222220'),('ilikemoney$$','9000000000000000'),('imready','1111110000000000'),('isthisthekrustykrab','1110000000000000'),('isthisthekrustykrab','1111000000000000'),('isthisthekrustykrab','1111100000000000'),('notFullMetal','1000000000000000'),('programerAAL','2222222000000000'),('RitzLover28','3333333333333300'),('thePiGuy3.14','2222222220000000'),('theScienceGuy','2222222222222000');
/*!40000 ALTER TABLE `customercreditcard` ENABLE KEYS */;
UNLOCK TABLES;

--
-- Table structure for table `customerviewmovie`
--

DROP TABLE IF EXISTS `customerviewmovie`;
/*!40101 SET @saved_cs_client     = @@character_set_client */;
/*!50503 SET character_set_client = utf8mb4 */;
CREATE TABLE `customerviewmovie` (
  `movName` varchar(50) NOT NULL,
  `movReleaseDate` date NOT NULL,
  `movPlayDate` date NOT NULL,
  `thName` varchar(50) NOT NULL,
  `comName` varchar(50) NOT NULL,
  `creditCardNum` char(16) NOT NULL,
  PRIMARY KEY (`movName`,`movReleaseDate`,`movPlayDate`,`thName`,`comName`,`creditCardNum`),
  KEY `creditCardNum` (`creditCardNum`),
  CONSTRAINT `customerviewmovie_ibfk_1` FOREIGN KEY (`creditCardNum`) REFERENCES `customercreditcard` (`creditCardNum`),
  CONSTRAINT `customerviewmovie_ibfk_2` FOREIGN KEY (`movName`, `movReleaseDate`, `movPlayDate`, `thName`, `comName`) REFERENCES `movieplay` (`movName`, `movReleaseDate`, `movPlayDate`, `thName`, `comName`)
) ENGINE=InnoDB DEFAULT CHARSET=utf8mb4 COLLATE=utf8mb4_0900_ai_ci;
/*!40101 SET character_set_client = @saved_cs_client */;

--
-- Dumping data for table `customerviewmovie`
--

LOCK TABLES `customerviewmovie` WRITE;
/*!40000 ALTER TABLE `customerviewmovie` DISABLE KEYS */;
INSERT INTO `customerviewmovie` VALUES ('How to Train Your Dragon','2010-03-21','2010-03-25','Star Movies','EZ Theater Company','1111111111111100'),('How to Train Your Dragon','2010-03-21','2010-03-22','Main Movies','EZ Theater Company','1111111111111111'),('How to Train Your Dragon','2010-03-21','2010-03-23','Main Movies','EZ Theater Company','1111111111111111'),('How to Train Your Dragon','2010-03-21','2010-04-02','Cinema Star','4400 Theater Company','1111111111111111');
/*!40000 ALTER TABLE `customerviewmovie` ENABLE KEYS */;
UNLOCK TABLES;

--
-- Table structure for table `employee`
--

DROP TABLE IF EXISTS `employee`;
/*!40101 SET @saved_cs_client     = @@character_set_client */;
/*!50503 SET character_set_client = utf8mb4 */;
CREATE TABLE `employee` (
  `username` varchar(50) NOT NULL,
  PRIMARY KEY (`username`),
  CONSTRAINT `employee_ibfk_1` FOREIGN KEY (`username`) REFERENCES `user` (`username`)
) ENGINE=InnoDB DEFAULT CHARSET=utf8mb4 COLLATE=utf8mb4_0900_ai_ci;
/*!40101 SET character_set_client = @saved_cs_client */;

--
-- Dumping data for table `employee`
--

LOCK TABLES `employee` WRITE;
/*!40000 ALTER TABLE `employee` DISABLE KEYS */;
INSERT INTO `employee` VALUES ('calcultron'),('cool_class4400'),('entropyRox'),('fatherAI'),('georgep'),('ghcghc'),('imbatman'),('manager1'),('manager2'),('manager3'),('manager4'),('radioactivePoRa');
/*!40000 ALTER TABLE `employee` ENABLE KEYS */;
UNLOCK TABLES;

--
-- Table structure for table `manager`
--

DROP TABLE IF EXISTS `manager`;
/*!40101 SET @saved_cs_client     = @@character_set_client */;
/*!50503 SET character_set_client = utf8mb4 */;
CREATE TABLE `manager` (
  `username` varchar(50) NOT NULL,
  `manStreet` varchar(50) DEFAULT NULL,
  `manCity` varchar(50) DEFAULT NULL,
  `manState` char(2) DEFAULT NULL,
  `manZipcode` char(5) DEFAULT NULL,
  `comName` varchar(50) DEFAULT NULL,
  PRIMARY KEY (`username`),
  UNIQUE KEY `username` (`username`),
  KEY `comName` (`comName`),
  CONSTRAINT `manager_ibfk_1` FOREIGN KEY (`username`) REFERENCES `employee` (`username`),
  CONSTRAINT `manager_ibfk_2` FOREIGN KEY (`comName`) REFERENCES `company` (`comName`)
) ENGINE=InnoDB DEFAULT CHARSET=utf8mb4 COLLATE=utf8mb4_0900_ai_ci;
/*!40101 SET character_set_client = @saved_cs_client */;

--
-- Dumping data for table `manager`
--

LOCK TABLES `manager` WRITE;
/*!40000 ALTER TABLE `manager` DISABLE KEYS */;
INSERT INTO `manager` VALUES ('calcultron','123 Peachtree St','Atlanta','GA','30308','EZ Theater Company'),('cool_class4400',NULL,NULL,NULL,NULL,NULL),('entropyRox','200 Cool Place','San Francisco','CA','94016','4400 Theater Company'),('fatherAI','456 Main St','New York','NY','10001','EZ Theater Company'),('georgep','10 Pearl Dr','Seattle','WA','98105','4400 Theater Company'),('ghcghc','100 Pi St','Pallet Town','KS','31415','AI Theater Company'),('imbatman','800 Color Dr','Austin','TX','78653','Awesome Theater Company'),('manager1','123 Ferst Drive','Atlanta','GA','30332','4400 Theater Company'),('manager2','456 Ferst Drive','Atlanta','GA','30332','AI Theater Company'),('manager3','789 Ferst Drive','Atlanta','GA','30332','4400 Theater Company'),('manager4','000 Ferst Drive','Atlanta','GA','30332','4400 Theater Company'),('radioactivePoRa','100 Blu St','Sunnyvale','CA','94088','4400 Theater Company');
/*!40000 ALTER TABLE `manager` ENABLE KEYS */;
UNLOCK TABLES;

--
-- Table structure for table `movie`
--

DROP TABLE IF EXISTS `movie`;
/*!40101 SET @saved_cs_client     = @@character_set_client */;
/*!50503 SET character_set_client = utf8mb4 */;
CREATE TABLE `movie` (
  `movName` varchar(50) NOT NULL,
  `movReleaseDate` date NOT NULL,
  `duration` int(11) NOT NULL,
  PRIMARY KEY (`movName`,`movReleaseDate`)
) ENGINE=InnoDB DEFAULT CHARSET=utf8mb4 COLLATE=utf8mb4_0900_ai_ci;
/*!40101 SET character_set_client = @saved_cs_client */;

--
-- Dumping data for table `movie`
--

LOCK TABLES `movie` WRITE;
/*!40000 ALTER TABLE `movie` DISABLE KEYS */;
INSERT INTO `movie` VALUES ('4400 The Movie','2019-08-12',130),('Avengers: Endgame','2019-04-26',181),('Calculus Returns: A ML Story','2019-09-19',314),('George P Burdell\'s Life Story','1927-08-12',100),('Georgia Tech The Movie','1985-08-13',100),('How to Train Your Dragon','2010-03-21',98),('Spaceballs','1987-06-24',96),('Spider-Man: Into the Spider-Verse','2018-12-01',117),('The First Pokemon Movie','1998-07-19',75),('The King\'s Speech','2010-11-26',119);
/*!40000 ALTER TABLE `movie` ENABLE KEYS */;
UNLOCK TABLES;

--
-- Table structure for table `movieplay`
--

DROP TABLE IF EXISTS `movieplay`;
/*!40101 SET @saved_cs_client     = @@character_set_client */;
/*!50503 SET character_set_client = utf8mb4 */;
CREATE TABLE `movieplay` (
  `movName` varchar(50) NOT NULL,
  `movReleaseDate` date NOT NULL,
  `movPlayDate` date NOT NULL,
  `thName` varchar(50) NOT NULL,
  `comName` varchar(50) NOT NULL,
  PRIMARY KEY (`movName`,`movReleaseDate`,`movPlayDate`,`thName`,`comName`),
  KEY `thName` (`thName`,`comName`),
  CONSTRAINT `movieplay_ibfk_1` FOREIGN KEY (`thName`, `comName`) REFERENCES `theater` (`thName`, `comName`),
  CONSTRAINT `movieplay_ibfk_2` FOREIGN KEY (`movName`, `movReleaseDate`) REFERENCES `movie` (`movName`, `movReleaseDate`)
) ENGINE=InnoDB DEFAULT CHARSET=utf8mb4 COLLATE=utf8mb4_0900_ai_ci;
/*!40101 SET character_set_client = @saved_cs_client */;

--
-- Dumping data for table `movieplay`
--

LOCK TABLES `movieplay` WRITE;
/*!40000 ALTER TABLE `movieplay` DISABLE KEYS */;
INSERT INTO `movieplay` VALUES ('4400 The Movie','2019-08-12','2019-10-12','ABC Theater','Awesome Theater Company'),('Georgia Tech The Movie','1985-08-13','1985-08-13','ABC Theater','Awesome Theater Company'),('The First Pokemon Movie','1998-07-19','2018-07-19','ABC Theater','Awesome Theater Company'),('4400 The Movie','2019-08-12','2019-09-12','Cinema Star','4400 Theater Company'),('George P Burdell\'s Life Story','1927-08-12','2010-05-20','Cinema Star','4400 Theater Company'),('Georgia Tech The Movie','1985-08-13','2019-09-30','Cinema Star','4400 Theater Company'),('How to Train Your Dragon','2010-03-21','2010-04-02','Cinema Star','4400 Theater Company'),('Spaceballs','1987-06-24','2000-02-02','Cinema Star','4400 Theater Company'),('The King\'s Speech','2010-11-26','2019-12-20','Cinema Star','4400 Theater Company'),('George P Burdell\'s Life Story','1927-08-12','2019-07-14','Main Movies','EZ Theater Company'),('George P Burdell\'s Life Story','1927-08-12','2019-10-22','Main Movies','EZ Theater Company'),('How to Train Your Dragon','2010-03-21','2010-03-22','Main Movies','EZ Theater Company'),('How to Train Your Dragon','2010-03-21','2010-03-23','Main Movies','EZ Theater Company'),('Spaceballs','1987-06-24','1999-06-24','Main Movies','EZ Theater Company'),('The King\'s Speech','2010-11-26','2019-12-20','Main Movies','EZ Theater Company'),('Calculus Returns: A ML Story','2019-09-19','2019-10-10','ML Movies','AI Theater Company'),('Calculus Returns: A ML Story','2019-09-19','2019-12-30','ML Movies','AI Theater Company'),('Spaceballs','1987-06-24','2010-04-02','ML Movies','AI Theater Company'),('Spaceballs','1987-06-24','2023-01-23','ML Movies','AI Theater Company'),('Spider-Man: Into the Spider-Verse','2018-12-01','2019-09-30','ML Movies','AI Theater Company'),('4400 The Movie','2019-08-12','2019-08-12','Star Movies','EZ Theater Company'),('How to Train Your Dragon','2010-03-21','2010-03-25','Star Movies','EZ Theater Company');
/*!40000 ALTER TABLE `movieplay` ENABLE KEYS */;
UNLOCK TABLES;

--
-- Table structure for table `theater`
--

DROP TABLE IF EXISTS `theater`;
/*!40101 SET @saved_cs_client     = @@character_set_client */;
/*!50503 SET character_set_client = utf8mb4 */;
CREATE TABLE `theater` (
  `thName` varchar(50) NOT NULL,
  `comName` varchar(50) NOT NULL,
  `capacity` int(11) NOT NULL,
  `thStreet` varchar(50) NOT NULL,
  `thCity` varchar(50) NOT NULL,
  `thState` varchar(50) NOT NULL,
  `thZipcode` char(5) NOT NULL,
  `manUsername` varchar(50) NOT NULL,
  PRIMARY KEY (`thName`,`comName`),
  KEY `comName` (`comName`),
  KEY `manUsername` (`manUsername`),
  CONSTRAINT `theater_ibfk_1` FOREIGN KEY (`comName`) REFERENCES `company` (`comName`),
  CONSTRAINT `theater_ibfk_2` FOREIGN KEY (`manUsername`) REFERENCES `manager` (`username`)
) ENGINE=InnoDB DEFAULT CHARSET=utf8mb4 COLLATE=utf8mb4_0900_ai_ci;
/*!40101 SET character_set_client = @saved_cs_client */;

--
-- Dumping data for table `theater`
--

LOCK TABLES `theater` WRITE;
/*!40000 ALTER TABLE `theater` DISABLE KEYS */;
INSERT INTO `theater` VALUES ('ABC Theater','Awesome Theater Company',5,'880 Color Dr','Austin','TX','73301','imbatman'),('Cinema Star','4400 Theater Company',4,'100 Cool Place','San Francisco','CA','94016','entropyRox'),('Jonathan\'s Movies','4400 Theater Company',2,'67 Pearl Dr','Seattle','WA','98101','georgep'),('Main Movies','EZ Theater Company',3,'123 Main St','New York','NY','10001','fatherAI'),('ML Movies','AI Theater Company',3,'314 Pi St','Pallet Town','KS','31415','ghcghc'),('Star Movies','4400 Theater Company',5,'4400 Rocks Ave','Boulder','CA','80301','radioactivePoRa'),('Star Movies','EZ Theater Company',2,'745 GT St','Atlanta','GA','30332','calcultron');
/*!40000 ALTER TABLE `theater` ENABLE KEYS */;
UNLOCK TABLES;

--
-- Table structure for table `user`
--

DROP TABLE IF EXISTS `user`;
/*!40101 SET @saved_cs_client     = @@character_set_client */;
/*!50503 SET character_set_client = utf8mb4 */;
CREATE TABLE `user` (
  `username` varchar(50) NOT NULL,
  `firstname` varchar(50) NOT NULL,
  `lastname` varchar(50) NOT NULL,
  `password` varchar(50) NOT NULL,
  `status` varchar(50) NOT NULL,
  PRIMARY KEY (`username`),
  UNIQUE KEY `username` (`username`)
) ENGINE=InnoDB DEFAULT CHARSET=utf8mb4 COLLATE=utf8mb4_0900_ai_ci;
/*!40101 SET character_set_client = @saved_cs_client */;

--
-- Dumping data for table `user`
--

LOCK TABLES `user` WRITE;
/*!40000 ALTER TABLE `user` DISABLE KEYS */;
INSERT INTO `user` VALUES ('calcultron','Dwight','Schrute','333333333','Approved'),('calcultron2','Jim','Halpert','444444444','Approved'),('calcwizard','Issac','Newton','222222222','Approved'),('clarinetbeast','Squidward','Tentacles','999999999','Declined'),('cool_class4400','A. TA','Washere','333333333','Approved'),('DNAhelix','Rosalind','Franklin','777777777','Approved'),('does2Much','Carl','Gauss','1212121212','Approved'),('eeqmcsquare','Albert','Einstein','111111110','Approved'),('entropyRox','Claude','Shannon','999999999','Approved'),('fatherAI','Alan','Turing','222222222','Approved'),('fullMetal','Edward','Elric','111111100','Approved'),('gdanger','Gary','Danger','555555555','Declined'),('georgep','George P.','Burdell','111111111','Approved'),('ghcghc','Grace','Hopper','666666666','Approved'),('ilikemoney$$','Eugene','Krabs','111111110','Approved'),('imbatman','Bruce','Wayne','666666666','Approved'),('imready','Spongebob','Squarepants','777777777','Approved'),('isthisthekrustykrab','Patrick','Star','888888888','Approved'),('manager1','Manager','One','1122112211','Approved'),('manager2','Manager','Two','3131313131','Approved'),('manager3','Three','Three','8787878787','Approved'),('manager4','Four','Four','5755555555','Approved'),('notFullMetal','Alphonse','Elric','111111100','Approved'),('programerAAL','Ada','Lovelace','3131313131','Approved'),('radioactivePoRa','Marie','Curie','1313131313','Approved'),('RitzLover28','Abby','Normal','444444444','Approved'),('smith_j','John','Smith','333333333','Pending'),('texasStarKarate','Sandy','Cheeks','111111110','Declined'),('thePiGuy3.14','Archimedes','Syracuse','1111111111','Approved'),('theScienceGuy','Bill','Nye','999999999','Approved');
/*!40000 ALTER TABLE `user` ENABLE KEYS */;
UNLOCK TABLES;

--
-- Table structure for table `uservisittheater`
--

DROP TABLE IF EXISTS `uservisittheater`;
/*!40101 SET @saved_cs_client     = @@character_set_client */;
/*!50503 SET character_set_client = utf8mb4 */;
CREATE TABLE `uservisittheater` (
  `username` varchar(50) NOT NULL,
  `thName` varchar(50) NOT NULL,
  `comName` varchar(50) NOT NULL,
  `visitDate` date NOT NULL,
  `VisitID` int(11) NOT NULL,
  PRIMARY KEY (`VisitID`),
  UNIQUE KEY `VisitID` (`VisitID`),
  KEY `thName` (`thName`,`comName`),
  KEY `username` (`username`),
  CONSTRAINT `uservisittheater_ibfk_1` FOREIGN KEY (`thName`, `comName`) REFERENCES `theater` (`thName`, `comName`),
  CONSTRAINT `uservisittheater_ibfk_2` FOREIGN KEY (`username`) REFERENCES `user` (`username`)
) ENGINE=InnoDB DEFAULT CHARSET=utf8mb4 COLLATE=utf8mb4_0900_ai_ci;
/*!40101 SET character_set_client = @saved_cs_client */;

--
-- Dumping data for table `uservisittheater`
--

LOCK TABLES `uservisittheater` WRITE;
/*!40000 ALTER TABLE `uservisittheater` DISABLE KEYS */;
INSERT INTO `uservisittheater` VALUES ('georgep','Main Movies','EZ Theater Company','2010-03-22',1),('calcwizard','Main Movies','EZ Theater Company','2010-03-22',2),('calcwizard','Star Movies','EZ Theater Company','2010-03-25',3),('imready','Star Movies','EZ Theater Company','2010-03-25',4),('calcwizard','ML Movies','AI Theater Company','2010-03-20',5);
/*!40000 ALTER TABLE `uservisittheater` ENABLE KEYS */;
UNLOCK TABLES;

--
-- Dumping events for database 'team13'
--
/*!40103 SET TIME_ZONE=@OLD_TIME_ZONE */;

/*!40101 SET SQL_MODE=@OLD_SQL_MODE */;
/*!40014 SET FOREIGN_KEY_CHECKS=@OLD_FOREIGN_KEY_CHECKS */;
/*!40014 SET UNIQUE_CHECKS=@OLD_UNIQUE_CHECKS */;
/*!40101 SET CHARACTER_SET_CLIENT=@OLD_CHARACTER_SET_CLIENT */;
/*!40101 SET CHARACTER_SET_RESULTS=@OLD_CHARACTER_SET_RESULTS */;
/*!40101 SET COLLATION_CONNECTION=@OLD_COLLATION_CONNECTION */;
/*!40111 SET SQL_NOTES=@OLD_SQL_NOTES */;

-- Dump completed on 2019-11-23  7:47:21
